date,AAPL,AMZN,GOOG,MSFT
2018-01-02,172.2599945,1189.01001,1065,85.94999695
2018-01-03,172.2299957,1204.199951,1082.47998,86.34999847
2018-01-04,173.0299988,1209.589966,1086.400024,87.11000061
2018-01-05,175,1229.140015,1102.22998,88.19000244
2018-01-08,174.3500061,1246.869995,1106.939941,88.27999878
2018-01-09,174.3300018,1252.699951,1106.26001,88.22000122
2018-01-10,174.2899933,1254.329956,1102.609985,87.81999969
2018-01-11,175.2799988,1276.680054,1105.52002,88.08000183
2018-01-12,177.0899963,1305.199951,1122.26001,89.59999847
2018-01-16,176.1900024,1304.859985,1121.76001,88.34999847
2018-01-17,179.1000061,1295,1131.97998,90.13999939
2018-01-18,179.2599945,1293.319946,1129.790039,90.09999847
2018-01-19,178.4600067,1294.579956,1137.51001,90
2018-01-22,177,1327.310059,1155.810059,91.61000061
2018-01-23,177.0399933,1362.540039,1169.969971,91.90000153
2018-01-24,174.2200012,1357.51001,1164.23999,91.81999969
2018-01-25,171.1100006,1377.949951,1170.369995,92.33000183
2018-01-26,171.5099945,1402.050049,1175.839966,94.05999756
2018-01-29,167.9600067,1417.680054,1175.579956,93.91999817
2018-01-30,166.9700012,1437.819946,1163.689941,92.73999786
2018-01-31,167.4299927,1450.890015,1169.939941,95.01000214
2018-02-01,167.7799988,1390,1167.699951,94.26000214
2018-02-02,160.5,1429.949951,1111.900024,91.77999878
2018-02-05,156.4900055,1390,1055.800049,88
2018-02-06,163.0299988,1442.839966,1080.599976,91.33000183
2018-02-07,159.5399933,1416.780029,1048.579956,89.61000061
2018-02-08,155.1499939,1350.5,1001.52002,85.01000214
2018-02-09,156.4100037,1339.599976,1037.780029,88.18000031
2018-02-12,162.7100067,1386.22998,1051.939941,89.12999725
2018-02-13,164.3399963,1414.51001,1052.099976,89.83000183
2018-02-14,167.3699951,1451.050049,1069.699951,90.80999756
2018-02-15,172.9900055,1461.76001,1089.52002,92.66000366
2018-02-16,172.4299927,1448.689941,1094.800049,92
2018-02-20,171.8500061,1468.349976,1102.459961,92.72000122
2018-02-21,171.0700073,1482.920044,1111.339966,91.48999786
2018-02-22,172.5,1485.339966,1106.630005,91.73000336
2018-02-23,175.5,1500,1126.790039,94.05999756
2018-02-26,178.9700012,1521.949951,1143.75,95.41999817
2018-02-27,178.3899994,1511.97998,1118.290039,94.19999695
2018-02-28,178.1199951,1512.449951,1104.72998,93.76999664
2018-03-01,175,1493.449951,1069.52002,92.84999847
2018-03-02,176.2100067,1500.25,1078.920044,93.05000305
2018-03-05,176.8200073,1523.609985,1090.930054,93.63999939
2018-03-06,176.6699982,1537.640015,1095.060059,93.31999969
2018-03-07,175.0299988,1545,1109.640015,93.86000061
2018-03-08,176.9400024,1551.859985,1126,94.43000031
2018-03-09,179.9799957,1578.890015,1160.040039,96.54000092
2018-03-12,181.7200012,1598.390015,1164.5,96.76999664
2018-03-13,179.9700012,1588.180054,1138.170044,94.41000366
2018-03-14,178.4400024,1591,1149.48999,93.84999847
2018-03-15,178.6499939,1582.319946,1149.579956,94.18000031
2018-03-16,178.0200043,1571.680054,1135.72998,94.59999847
2018-03-19,175.3000031,1544.930054,1099.819946,92.88999939
2018-03-20,175.2400055,1586.51001,1097.709961,93.12999725
2018-03-21,171.2700043,1581.859985,1090.880005,92.48000336
2018-03-22,168.8500061,1544.920044,1049.079956,89.79000092
2018-03-23,164.9400024,1495.560059,1021.570007,87.18000031
2018-03-26,172.7700043,1555.859985,1053.209961,93.77999878
2018-03-27,168.3399963,1497.050049,1005.099976,89.47000122
2018-03-28,166.4799957,1431.420044,1004.559998,89.38999939
2018-03-29,167.7799988,1447.339966,1031.790039,91.26999664
2018-04-02,166.6799927,1371.98999,1006.469971,88.51999664
2018-04-03,168.3899994,1392.050049,1013.409973,89.70999908
2018-04-04,171.6100006,1410.569946,1025.140015,92.33000183
2018-04-05,172.8000031,1451.75,1027.810059,92.37999725
2018-04-06,168.3800049,1405.22998,1007.039978,90.23000336
2018-04-09,170.0500031,1406.079956,1015.450012,90.76999664
2018-04-10,173.25,1436.219971,1031.640015,92.87999725
2018-04-11,172.4400024,1427.050049,1019.969971,91.86000061
2018-04-12,174.1399994,1448.5,1032.51001,93.58000183
2018-04-13,174.7299957,1430.790039,1029.27002,93.08000183
2018-04-16,175.8200073,1441.5,1037.97998,94.16999817
2018-04-17,178.2400055,1503.829956,1074.160034,96.06999969
2018-04-18,177.8399963,1527.839966,1072.079956,96.44000244
2018-04-19,172.8000031,1556.910034,1087.699951,96.11000061
2018-04-20,165.7200012,1527.48999,1072.959961,95
2018-04-23,165.2400055,1517.859985,1067.449951,95.34999847
2018-04-24,162.9400024,1460.089966,1019.97998,93.12000275
2018-04-25,163.6499939,1460.170044,1021.179993,92.30999756
2018-04-26,164.2200012,1517.959961,1040.040039,94.26000214
2018-04-27,162.3200073,1572.619995,1030.050049,95.81999969
2018-04-30,165.2599945,1566.130005,1017.330017,93.51999664
2018-05-01,169.1000061,1582.26001,1037.310059,95
2018-05-02,176.5700073,1569.680054,1024.380005,93.51000214
2018-05-03,176.8899994,1572.074951,1023.719971,94.06999969
2018-05-04,183.8300018,1580.949951,1048.209961,95.16000366
2018-05-07,185.1600037,1600.140015,1054.790039,96.22000122
2018-05-08,186.0500031,1592.390015,1053.910034,95.80999756
2018-05-09,187.3600006,1608,1082.76001,96.94000244
2018-05-10,190.0399933,1609.079956,1097.569946,97.91000366
2018-05-11,188.5899963,1602.910034,1098.26001,97.69999695
2018-05-14,188.1499939,1601.540039,1100.199951,98.02999878
2018-05-15,186.4400024,1576.119995,1079.22998,97.31999969
2018-05-16,188.1799927,1587.280029,1081.77002,97.15000153
2018-05-17,186.9900055,1581.76001,1078.589966,96.18000031
2018-05-18,186.3099976,1574.369995,1066.359985,96.36000061
2018-05-21,187.6300049,1585.459961,1079.579956,97.59999847
2018-05-22,187.1600037,1581.400024,1069.72998,97.5
2018-05-23,188.3600006,1601.859985,1079.689941,98.66000366
2018-05-24,188.1499939,1603.069946,1079.23999,98.30999756
2018-05-25,188.5800018,1610.150024,1075.660034,98.36000061
2018-05-29,187.8999939,1612.869995,1060.319946,98.01000214
2018-05-30,187.5,1624.890015,1067.800049,98.94999695
2018-05-31,186.8699951,1629.619995,1084.98999,98.83999634
2018-06-01,190.2400055,1641.540039,1119.5,100.7900009
2018-06-04,191.8300018,1665.27002,1139.290039,101.6699982
2018-06-05,193.3099976,1696.349976,1139.660034,102.1900024
2018-06-06,193.9799957,1695.75,1136.880005,102.4899979
2018-06-07,193.4600067,1689.300049,1123.859985,100.8799973
2018-06-08,191.6999969,1683.98999,1120.869995,101.6299973
2018-06-11,191.2299957,1689.119995,1129.98999,101.0500031
2018-06-12,192.2799988,1698.75,1139.319946,101.3099976
2018-06-13,190.6999969,1704.859985,1134.790039,100.8499985
2018-06-14,190.8000031,1723.859985,1152.119995,101.4199982
2018-06-15,188.8399963,1715.969971,1152.26001,100.1299973
2018-06-18,188.7400055,1723.790039,1173.459961,100.8600006
2018-06-19,185.6900024,1734.780029,1168.060059,100.8600006
2018-06-20,186.5,1750.079956,1169.839966,101.8700027
2018-06-21,185.4600067,1730.219971,1157.660034,101.1399994
2018-06-22,184.9199982,1715.670044,1155.47998,100.4100037
2018-06-25,182.1699982,1663.150024,1124.810059,98.38999939
2018-06-26,184.4299927,1691.089966,1118.459961,99.08000183
2018-06-27,184.1600037,1660.51001,1103.97998,97.54000092
2018-06-28,185.5,1701.449951,1114.219971,98.62999725
2018-06-29,185.1100006,1699.800049,1115.650024,98.61000061
2018-07-02,187.1799927,1713.780029,1127.459961,100.0100021
2018-07-03,183.9199982,1693.959961,1102.890015,99.05000305
2018-07-05,185.3999939,1699.72998,1124.27002,99.76000214
2018-07-06,187.9700012,1710.630005,1140.170044,101.1600037
2018-07-09,190.5800018,1739.02002,1154.050049,101.8499985
2018-07-10,190.3500061,1743.069946,1152.839966,102.1200027
2018-07-11,187.8800049,1755,1153.900024,101.9800034
2018-07-12,191.0299988,1796.619995,1183.47998,104.1900024
2018-07-13,191.3300018,1813.030029,1188.819946,105.4300003
2018-07-16,190.9100037,1822.48999,1183.859985,104.9100037
2018-07-17,191.4499969,1843.930054,1198.800049,105.9499969
2018-07-18,190.3999939,1842.920044,1195.880005,105.1200027
2018-07-19,191.8800049,1812.969971,1186.959961,104.4000015
2018-07-20,191.4400024,1813.699951,1184.910034,106.2699966
2018-07-23,191.6100006,1802,1205.5,107.9700012
2018-07-24,193,1829.23999,1248.079956,107.6600037
2018-07-25,194.8200073,1863.609985,1263.699951,110.8300018
2018-07-26,194.2100067,1808,1268.329956,109.6200027
2018-07-27,190.9799957,1817.27002,1238.5,107.6800003
2018-07-30,189.9100037,1779.219971,1219.73999,105.3700027
2018-07-31,190.2899933,1777.439941,1217.26001,106.0800018
2018-08-01,201.5,1797.170044,1220.01001,106.2799988
2018-08-02,207.3899994,1834.329956,1226.150024,107.5699997
2018-08-03,207.9900055,1823.290039,1223.709961,108.0400009
2018-08-06,209.0700073,1847.75,1224.77002,108.1299973
2018-08-07,207.1100006,1862.47998,1242.219971,108.8799973
2018-08-08,207.25,1886.52002,1245.609985,109.4899979
2018-08-09,208.8800049,1898.52002,1249.099976,109.6699982
2018-08-10,207.5299988,1886.300049,1237.609985,109
2018-08-13,208.8699951,1896.199951,1235.01001,108.2099991
2018-08-14,209.75,1919.650024,1242.099976,109.5599976
2018-08-15,210.2400055,1882.619995,1214.380005,107.6600037
2018-08-16,213.3200073,1886.52002,1206.48999,107.6399994
2018-08-17,217.5800018,1882.219971,1200.959961,107.5800018
2018-08-20,215.4600067,1876.709961,1207.77002,106.8700027
2018-08-21,215.0399933,1883.420044,1201.619995,105.9800034
2018-08-22,215.0500031,1904.900024,1207.329956,107.0599976
2018-08-23,215.4900055,1902.900024,1205.380005,107.5599976
2018-08-24,216.1600037,1905.390015,1220.650024,108.4000015
2018-08-27,217.9400024,1927.680054,1241.819946,109.5999985
2018-08-28,219.6999969,1932.819946,1231.150024,110.2600021
2018-08-29,222.9799957,1998.099976,1249.300049,112.0199966
2018-08-30,225.0299988,2002.380005,1239.119995,111.9499969
2018-08-31,227.6300049,2012.709961,1218.189941,112.3300018
2018-09-04,228.3600006,2039.51001,1197,111.7099991
2018-09-05,226.8699951,1994.819946,1186.47998,108.4899979
2018-09-06,223.1000061,1958.310059,1171.439941,108.7399979
2018-09-07,221.3000031,1952.069946,1164.829956,108.2099991
2018-09-10,218.3300018,1939.01001,1164.640015,109.3799973
2018-09-11,223.8500061,1987.150024,1177.359985,111.2399979
2018-09-12,221.0700073,1990,1162.819946,111.7099991
2018-09-13,226.4100037,1989.869995,1175.329956,112.9100037
2018-09-14,223.8399963,1970.189941,1172.530029,113.3700027
2018-09-17,217.8800049,1908.030029,1156.050049,112.1399994
2018-09-18,218.2400055,1941.050049,1161.219971,113.2099991
2018-09-19,218.3699951,1926.420044,1171.089966,111.6999969
2018-09-20,220.0299988,1944.300049,1186.869995,113.5699997
2018-09-21,217.6600037,1915.01001,1166.089966,114.2600021
2018-09-24,220.7899933,1934.359985,1173.369995,114.6699982
2018-09-25,222.1900024,1974.550049,1184.650024,114.4499969
2018-09-26,220.4199982,1974.849976,1180.48999,113.9800034
2018-09-27,224.9499969,2012.97998,1194.640015,114.4100037
2018-09-28,225.7400055,2003,1193.469971,114.3700027
2018-10-01,227.2599945,2004.359985,1195.310059,115.6100006
2018-10-02,229.2799988,1971.310059,1200.109985,115.1500015
2018-10-03,232.0700073,1952.76001,1202.949951,115.1699982
2018-10-04,227.9900055,1909.420044,1168.189941,112.7900009
2018-10-05,224.2899933,1889.650024,1157.349976,112.1299973
2018-10-08,223.7700043,1864.420044,1148.969971,110.8499985
2018-10-09,226.8699951,1870.319946,1138.819946,112.2600021
2018-10-10,216.3600006,1755.25,1081.219971,106.1600037
2018-10-11,214.4499969,1719.359985,1079.319946,105.9100037
2018-10-12,222.1100006,1788.609985,1110.079956,109.5699997
2018-10-15,217.3600006,1760.949951,1092.25,107.5999985
2018-10-16,222.1499939,1819.959961,1121.280029,111
2018-10-17,221.1900024,1831.72998,1115.689941,110.7099991
2018-10-18,216.0200043,1770.719971,1087.969971,108.5
2018-10-19,219.3099976,1764.030029,1096.459961,108.6600037
2018-10-22,220.6499939,1789.300049,1101.160034,109.6299973
2018-10-23,222.7299957,1768.699951,1103.689941,108.0999985
2018-10-24,215.0899963,1664.199951,1050.709961,102.3199997
2018-10-25,219.8000031,1782.170044,1095.569946,108.3000031
2018-10-26,216.3000031,1642.810059,1071.469971,106.9599991
2018-10-29,212.2400055,1538.880005,1020.080017,103.8499985
2018-10-30,213.3000031,1530.420044,1036.209961,103.7300034
2018-10-31,218.8600006,1598.01001,1076.77002,106.8099976
2018-11-01,222.2200012,1665.530029,1070,105.9199982
2018-11-02,207.4799957,1665.530029,1057.790039,106.1600037
2018-11-05,201.5899963,1627.800049,1040.089966,107.5100021
2018-11-06,203.7700043,1642.810059,1055.810059,107.7200012
2018-11-07,209.9499969,1755.48999,1093.390015,111.9599991
2018-11-08,208.4900055,1754.910034,1082.400024,111.75
2018-11-09,204.4700012,1712.430054,1066.150024,109.5699997
2018-11-12,194.1699982,1636.849976,1038.630005,106.8700027
2018-11-13,192.2299957,1631.170044,1036.050049,106.9400024
2018-11-14,186.8000031,1599.01001,1043.660034,104.9700012
2018-11-15,191.4100037,1619.439941,1064.709961,107.2799988
2018-11-16,193.5299988,1593.410034,1061.48999,108.2900009
2018-11-19,185.8600006,1512.290039,1020,104.6200027
2018-11-20,176.9799957,1495.459961,1025.76001,101.7099991
2018-11-21,176.7799988,1516.72998,1037.609985,103.1100006
2018-11-23,172.2899933,1502.060059,1023.880005,103.0699997
2018-11-26,174.6199951,1581.329956,1048.619995,106.4700012
2018-11-27,174.2400055,1581.420044,1044.410034,107.1399994
2018-11-28,180.9400024,1677.75,1086.22998,111.1200027
2018-11-29,179.5500031,1673.569946,1088.300049,110.1900024
2018-11-30,178.5800018,1690.170044,1094.430054,110.8899994
2018-12-03,184.8200073,1772.359985,1106.430054,112.0899963
2018-12-04,176.6900024,1668.400024,1050.819946,108.5199966
2018-12-06,174.7200012,1699.189941,1068.72998,109.1900024
2018-12-07,168.4900055,1629.130005,1036.579956,104.8199997
2018-12-10,169.6000061,1641.030029,1039.550049,107.5899963
2018-12-11,168.6300049,1643.23999,1051.75,108.5899963
2018-12-12,169.1000061,1663.540039,1063.680054,109.0800018
2018-12-13,170.9499969,1658.380005,1061.900024,109.4499969
2018-12-14,165.4799957,1591.910034,1042.099976,106.0299988
2018-12-17,163.9400024,1520.910034,1016.530029,102.8899994
2018-12-18,166.0700073,1551.47998,1028.709961,103.9700012
2018-12-19,160.8899994,1495.079956,1023.01001,103.6900024
2018-12-20,156.8300018,1460.829956,1009.409973,101.5100021
2018-12-21,150.7299957,1377.449951,979.539978,98.23000336
2018-12-24,146.8300018,1343.959961,976.2199707,94.12999725
2018-12-26,157.1699982,1470.900024,1039.459961,100.5599976
2018-12-27,156.1499939,1461.640015,1043.880005,101.1800003
2018-12-28,156.2299957,1478.02002,1037.079956,100.3899994
2018-12-31,157.7400055,1501.969971,1035.609985,101.5699997
2019-01-02,157.9199982,1539.130005,1045.849976,101.1200027
2019-01-03,142.1900024,1500.280029,1016.059998,97.40000153
2019-01-04,148.2599945,1575.390015,1070.709961,101.9300003
2019-01-07,147.9299927,1629.51001,1068.390015,102.0599976
2019-01-08,150.75,1656.579956,1076.280029,102.8000031
2019-01-09,153.3099976,1659.420044,1074.660034,104.2699966
2019-01-10,153.8000031,1656.219971,1070.329956,103.5999985
2019-01-11,152.2899933,1640.560059,1057.189941,102.8000031
2019-01-14,150,1617.209961,1044.689941,102.0500031
2019-01-15,153.0700073,1674.560059,1077.150024,105.0100021
2019-01-16,154.9400024,1683.780029,1080.969971,105.3799973
2019-01-17,155.8600006,1693.219971,1089.900024,106.1200027
2019-01-18,156.8200073,1696.199951,1098.26001,107.7099991
2019-01-22,153.3000031,1632.170044,1070.52002,105.6800003
2019-01-23,153.9199982,1640.02002,1075.569946,106.7099991
2019-01-24,152.6999969,1654.930054,1073.900024,106.1999969
2019-01-25,157.7599945,1670.569946,1090.98999,107.1699982
2019-01-28,156.3000031,1637.890015,1070.079956,105.0800018
2019-01-29,154.6799927,1593.880005,1060.619995,102.9400024
2019-01-30,165.25,1670.430054,1089.060059,106.3799973
2019-01-31,166.4400024,1718.72998,1116.369995,104.4300003
2019-02-01,166.5200043,1626.22998,1110.75,102.7799988
2019-02-04,171.25,1633.310059,1132.800049,105.7399979
2019-02-05,174.1799927,1658.810059,1145.98999,107.2200012
2019-02-06,174.2400055,1640.26001,1115.22998,106.0299988
2019-02-07,170.9400024,1614.369995,1098.709961,105.2699966
2019-02-08,170.4100037,1588.219971,1095.060059,105.6699982
2019-02-11,169.4299927,1591,1095.01001,105.25
2019-02-12,170.8899994,1638.01001,1121.369995,106.8899994
2019-02-13,170.1799927,1640,1120.160034,106.8099976
2019-02-14,170.8000031,1622.650024,1121.670044,106.9000015
2019-02-15,170.4199982,1607.949951,1113.650024,108.2200012
2019-02-19,170.9299927,1627.579956,1118.560059,108.1699982
2019-02-20,172.0299988,1622.099976,1113.800049,107.1500015
2019-02-21,171.0599976,1619.439941,1096.969971,109.4100037
2019-02-22,172.9700012,1631.560059,1110.369995,110.9700012
2019-02-25,174.2299957,1633,1109.400024,111.5899963
2019-02-26,174.3300018,1636.400024,1115.130005,112.3600006
2019-02-27,174.8699951,1641.089966,1116.050049,112.1699982
2019-02-28,173.1499939,1639.829956,1119.920044,112.0299988
2019-03-01,174.9700012,1671.72998,1140.98999,112.5299988
2019-03-04,175.8500061,1696.170044,1147.800049,112.2600021
2019-03-05,175.5299988,1692.430054,1162.030029,111.6999969
2019-03-06,174.5200043,1668.949951,1157.859985,111.75
2019-03-07,172.5,1625.949951,1143.300049,110.3899994
2019-03-08,172.9100037,1620.800049,1142.319946,110.5100021
2019-03-11,178.8999939,1670.619995,1175.76001,112.8300018
2019-03-12,180.9100037,1673.099976,1193.199951,113.6200027
2019-03-13,181.7100067,1690.810059,1193.319946,114.5
2019-03-14,183.7299957,1686.219971,1185.550049,114.5899963
2019-03-15,186.1199951,1712.359985,1184.459961,115.9100037
2019-03-18,188.0200043,1742.150024,1184.26001,117.5699997
2019-03-19,186.5299988,1761.849976,1198.849976,117.6500015
2019-03-20,188.1600037,1797.27002,1223.969971,117.5199966
2019-03-21,195.0899963,1819.26001,1231.540039,120.2200012
2019-03-22,191.0500031,1764.77002,1205.5,117.0500031
2019-03-25,188.7400055,1774.26001,1193,117.6600037
2019-03-26,186.7899933,1783.76001,1184.619995,117.9100037
2019-03-27,188.4700012,1765.699951,1173.02002,116.7699966
2019-03-28,188.7200012,1773.420044,1168.48999,116.9300003
2019-03-29,189.9499969,1780.75,1173.310059,117.9400024
2019-04-01,191.2400055,1814.189941,1194.430054,119.0199966
2019-04-02,194.0200043,1813.97998,1200.48999,119.1900024
2019-04-03,195.3500061,1820.699951,1205.920044,119.9700012
2019-04-04,195.6900024,1818.859985,1215,119.3600006
2019-04-05,197,1837.280029,1207.150024,119.8899994
2019-04-08,200.1000061,1849.859985,1203.839966,119.9300003
2019-04-09,199.5,1835.839966,1197.25,119.2799988
2019-04-10,200.6199951,1847.329956,1202.160034,120.1900024
2019-04-11,198.9499969,1844.069946,1204.619995,120.3300018
2019-04-12,198.8699951,1843.060059,1217.869995,120.9499969
2019-04-15,199.2299957,1844.869995,1221.099976,121.0500031
2019-04-16,199.25,1863.040039,1227.130005,120.7699966
2019-04-17,203.1300049,1864.819946,1236.339966,121.7699966
2019-04-18,203.8600006,1861.689941,1236.369995,123.3700027
2019-04-22,204.5299988,1887.310059,1248.839966,123.7600021
2019-04-23,207.4799957,1923.77002,1264.550049,125.4400024
2019-04-24,207.1600037,1901.75,1256,125.0100021
2019-04-25,205.2799988,1902.25,1263.449951,129.1499939
2019-04-26,204.3000031,1950.630005,1272.180054,129.8899994
2019-04-29,204.6100006,1938.430054,1287.579956,129.7700043
2019-04-30,200.6699982,1926.52002,1188.47998,130.6000061
2019-05-01,210.5200043,1911.52002,1168.079956,127.8799973
2019-05-02,209.1499939,1900.819946,1162.609985,126.2099991
2019-05-03,211.75,1962.459961,1185.400024,128.8999939
2019-05-06,208.4799957,1950.550049,1189.390015,128.1499939
2019-05-07,202.8600006,1921,1174.099976,125.5199966
2019-05-08,202.8999939,1917.77002,1166.27002,125.5100021
2019-05-09,200.7200012,1899.869995,1162.380005,125.5
2019-05-10,197.1799927,1889.97998,1164.27002,127.1299973
2019-05-13,185.7200012,1822.680054,1132.030029,123.3499985
2019-05-14,188.6600037,1840.119995,1120.439941,124.7300034
2019-05-15,190.9199982,1871.150024,1164.209961,126.0199966
2019-05-16,190.0800018,1907.569946,1178.97998,128.9299927
2019-05-17,189,1869,1162.300049,128.0700073
2019-05-20,183.0899963,1858.969971,1138.849976,126.2200012
2019-05-21,186.6000061,1857.52002,1149.630005,126.9000015
2019-05-22,182.7799988,1859.680054,1151.420044,127.6699982
2019-05-23,179.6600037,1815.47998,1140.77002,126.1800003
2019-05-24,178.9700012,1823.280029,1133.469971,126.2399979
2019-05-28,178.2299957,1836.430054,1134.150024,126.1600037
2019-05-29,177.3800049,1819.189941,1116.459961,124.9400024
2019-05-30,178.3000031,1816.319946,1117.949951,125.7300034
2019-05-31,175.0700073,1775.069946,1103.630005,123.6800003
2019-06-03,173.3000031,1692.689941,1036.22998,119.8399963
2019-06-04,179.6399994,1729.560059,1053.050049,123.1600037
2019-06-05,182.5399933,1738.5,1042.219971,125.8300018
2019-06-06,185.2200012,1754.359985,1044.339966,127.8199997
2019-06-07,190.1499939,1804.030029,1066.040039,131.3999939
2019-06-10,192.5800018,1860.630005,1080.380005,132.6000061
2019-06-11,194.8099976,1863.699951,1078.719971,132.1000061
2019-06-12,194.1900024,1855.319946,1077.030029,131.4900055
2019-06-13,194.1499939,1870.300049,1088.77002,132.3200073
2019-06-14,192.7400055,1869.670044,1085.349976,132.4499969
2019-06-17,193.8899994,1886.030029,1092.5,132.8500061
2019-06-18,198.4499969,1901.369995,1103.599976,135.1600037
2019-06-19,197.8699951,1908.790039,1102.329956,135.6900024
2019-06-20,199.4600067,1918.189941,1111.420044,136.9499969
2019-06-21,198.7799988,1911.300049,1121.880005,136.9700012
2019-06-24,198.5800018,1913.900024,1115.52002,137.7799988
2019-06-25,195.5700073,1878.27002,1086.349976,133.4299927
2019-06-26,199.8000031,1897.829956,1079.800049,133.9299927
2019-06-27,199.7400055,1904.280029,1076.01001,134.1499939
2019-06-28,197.9199982,1893.630005,1080.910034,133.9600067
2019-07-01,201.5500031,1922.189941,1097.949951,135.6799927
2019-07-02,202.7299957,1934.310059,1111.25,136.5800018
2019-07-03,204.4100037,1939,1121.579956,137.4600067
2019-07-05,204.2299957,1942.910034,1131.589966,137.0599976
2019-07-08,200.0200043,1952.319946,1116.349976,136.9600067
2019-07-09,201.2400055,1988.300049,1124.829956,136.4600067
2019-07-10,203.2299957,2017.410034,1140.47998,137.8500061
2019-07-11,201.75,2001.069946,1144.209961,138.3999939
2019-07-12,203.3000031,2011,1144.900024,138.8999939
2019-07-15,205.2100067,2020.98999,1150.339966,138.8999939
2019-07-16,204.5,2009.900024,1153.579956,137.0800018
2019-07-17,203.3500061,1992.030029,1146.349976,136.2700043
2019-07-18,205.6600037,1977.900024,1146.329956,136.4199982
2019-07-19,202.5899963,1964.52002,1130.099976,136.6199951
2019-07-22,207.2200012,1985.630005,1138.069946,138.4299927
2019-07-23,208.8399963,1994.48999,1146.209961,139.2899933
2019-07-24,208.6699982,2000.810059,1137.810059,140.7200012
2019-07-25,207.0200043,1973.819946,1132.119995,140.1900024
2019-07-26,207.7400055,1943.050049,1250.410034,141.3399963
2019-07-29,209.6799927,1912.449951,1239.410034,141.0299988
2019-07-30,208.7799988,1898.530029,1225.140015,140.3500061
2019-07-31,213.0399933,1866.780029,1216.680054,136.2700043
2019-08-01,208.4299927,1855.319946,1209.01001,138.0599976
2019-08-02,204.0200043,1823.23999,1193.98999,136.8999939
2019-08-05,193.3399963,1765.130005,1152.319946,132.2100067
2019-08-06,197,1787.829956,1169.949951,134.6900024
2019-08-07,199.0399933,1793.400024,1173.98999,135.2799988
2019-08-08,203.4299927,1832.890015,1204.800049,138.8899994
2019-08-09,200.9900055,1807.579956,1188.01001,137.7100067
2019-08-12,200.4799957,1784.920044,1174.709961,135.7899933
2019-08-13,208.9700012,1824.339966,1197.27002,138.6000061
2019-08-14,202.75,1762.959961,1164.290039,133.9799957
2019-08-15,201.7400055,1776.119995,1167.26001,133.6799927
2019-08-16,206.5,1792.569946,1177.599976,136.1300049
2019-08-19,210.3500061,1816.119995,1198.449951,138.4100037
2019-08-20,210.3600006,1801.380005,1182.689941,137.2599945
2019-08-21,212.6399994,1823.540039,1191.25,138.7899933
2019-08-22,212.4600067,1805.599976,1189.530029,137.7799988
2019-08-23,202.6399994,1749.619995,1151.290039,133.3899994
2019-08-26,206.4900055,1768.869995,1168.890015,135.4499969
2019-08-27,204.1600037,1761.829956,1167.839966,135.7400055
2019-08-28,205.5299988,1764.25,1171.02002,135.5599976
2019-08-29,209.0099945,1786.400024,1192.849976,138.1199951
2019-08-30,208.7400055,1776.290039,1188.099976,137.8600006
2019-09-03,205.6999969,1789.839966,1168.390015,136.0399933
2019-09-04,209.1900024,1800.619995,1181.410034,137.6300049
2019-09-05,213.2799988,1840.719971,1211.380005,140.0500031
2019-09-06,213.2599945,1833.51001,1204.930054,139.1000061
2019-09-09,214.1699982,1831.349976,1204.410034,137.5200043
2019-09-10,216.6999969,1820.550049,1206,136.0800018
2019-09-11,223.5899963,1822.98999,1220.170044,136.1199951
2019-09-12,223.0850067,1843.550049,1234.25,137.5200043
2019-09-13,218.75,1839.339966,1239.560059,137.3200073
2019-09-16,219.8999939,1807.839966,1231.300049,136.3300018
2019-09-17,220.6999969,1822.550049,1229.150024,137.3899994
2019-09-18,222.7700043,1817.459961,1232.410034,138.5200043
2019-09-19,220.9600067,1821.5,1238.709961,141.0700073
2019-09-20,217.7299957,1794.160034,1229.930054,139.4400024
2019-09-23,218.7200012,1785.300049,1234.030029,139.1399994
2019-09-24,217.6799927,1741.609985,1218.76001,137.3800049
2019-09-25,221.0299988,1768.329956,1246.52002,139.3600006
2019-09-26,219.8899994,1739.839966,1241.390015,139.5399933
2019-09-27,218.8200073,1725.449951,1225.089966,137.7299957
2019-09-30,223.9700012,1735.910034,1219,139.0299988
2019-10-01,224.5899963,1735.650024,1205.099976,137.0700073
2019-10-02,218.9600067,1713.22998,1176.630005,134.6499939
2019-10-03,220.8200073,1724.420044,1187.829956,136.2799988
2019-10-04,227.0099945,1739.650024,1209,138.1199951
2019-10-07,227.0599976,1732.660034,1207.680054,137.1199951
2019-10-08,224.3999939,1705.51001,1189.130005,135.6699982
2019-10-09,227.0299988,1721.98999,1202.310059,138.2400055
2019-10-10,230.0899963,1720.26001,1208.670044,139.1000061
2019-10-11,236.2100067,1731.920044,1215.449951,139.6799927
2019-10-14,235.8699951,1736.430054,1217.140015,139.5500031
2019-10-15,235.3200073,1767.380005,1243.01001,141.5749969
2019-10-16,234.3699951,1777.430054,1243.640015,140.4100037
2019-10-17,235.2799988,1787.47998,1253.069946,139.6900024
2019-10-18,236.4100037,1757.51001,1245.48999,137.4100037
2019-10-21,240.5099945,1785.660034,1246.150024,138.4299927
2019-10-22,239.9600067,1765.72998,1242.800049,136.3699951
2019-10-23,243.1799927,1762.170044,1259.130005,137.2400055
2019-10-24,243.5800018,1780.780029,1260.98999,139.9400024
2019-10-25,246.5800018,1761.329956,1265.130005,140.7299957
2019-10-28,249.0500031,1777.079956,1290,144.1900024
2019-10-29,243.2899933,1762.709961,1262.619995,142.8300018
2019-10-30,243.2599945,1779.98999,1261.290039,144.6100006
2019-10-31,248.7599945,1776.660034,1260.109985,143.3699951
2019-11-01,255.8200073,1791.439941,1273.73999,143.7200012
2019-11-04,257.5,1804.660034,1291.369995,144.5500031
2019-11-05,257.1300049,1801.709961,1292.030029,144.4600067
2019-11-06,257.2399902,1795.77002,1291.800049,144.0599976
2019-11-07,259.4299927,1788.199951,1308.859985,144.2599945
2019-11-08,260.1400146,1785.880005,1311.369995,145.9600067
2019-11-11,262.2000122,1771.650024,1299.189941,146.1100006
2019-11-12,261.9599915,1778,1298.800049,147.0700073
2019-11-13,264.4700012,1753.109985,1298,147.3099976
2019-11-14,262.6400146,1754.599976,1311.459961,148.0599976
2019-11-15,265.7600098,1739.48999,1334.869995,149.9700012
2019-11-18,267.1000061,1752.530029,1320.699951,150.3399963
2019-11-19,266.2900085,1752.790039,1315.459961,150.3899994
2019-11-20,263.1900024,1745.530029,1303.050049,149.6199951
2019-11-21,262.0100098,1734.709961,1301.349976,149.4799957
2019-11-22,261.7799988,1745.719971,1295.339966,149.5899963
2019-11-25,266.3699951,1773.839966,1306.689941,151.2299957
2019-11-26,264.2900085,1796.939941,1313.550049,152.0299988
2019-11-27,267.8399963,1818.51001,1312.98999,152.3200073
2019-11-29,267.25,1800.800049,1304.959961,151.3800049
2019-12-02,264.1600037,1781.599976,1289.920044,149.5500031
2019-12-03,259.4500122,1769.959961,1295.280029,149.3099976
2019-12-04,261.7399902,1760.689941,1320.540039,149.8500061
2019-12-05,265.5799866,1740.47998,1328.130005,149.9299927
2019-12-06,270.7099915,1751.599976,1340.619995,151.75
2019-12-09,266.9200134,1749.51001,1343.560059,151.3600006
2019-12-10,268.480011,1739.209961,1344.660034,151.1300049
2019-12-11,270.769989,1748.719971,1345.02002,151.6999969
2019-12-12,271.4599915,1760.329956,1350.27002,153.2400055
2019-12-13,275.1499939,1760.939941,1347.829956,154.5299988
2019-12-16,279.8599854,1769.209961,1361.170044,155.5299988
2019-12-17,280.4100037,1790.660034,1355.119995,154.6900024
2019-12-18,279.7399902,1784.030029,1352.619995,154.3699951
2019-12-19,280.019989,1792.280029,1356.040039,155.7100067
2019-12-20,279.4400024,1786.5,1349.589966,157.4100037
2019-12-23,284,1793,1348.839966,157.4100037
2019-12-24,284.269989,1789.209961,1343.560059,157.3800049
2019-12-26,289.9100037,1868.77002,1360.400024,158.6699982
2019-12-27,289.7999878,1869.800049,1351.890015,158.9600067
2019-12-30,291.519989,1846.890015,1336.140015,157.5899963
2019-12-31,293.6499939,1847.839966,1337.02002,157.6999969
2020-01-02,300.3500061,1898.01001,1367.369995,160.6199951
2020-01-03,297.4299927,1874.969971,1360.660034,158.6199951
2020-01-06,299.7999878,1902.880005,1394.209961,159.0299988
2020-01-07,298.3900146,1906.859985,1393.339966,157.5800018
2020-01-08,303.1900024,1891.969971,1404.319946,160.0899963
2020-01-09,309.6300049,1901.050049,1419.829956,162.0899963
2020-01-10,310.3299866,1883.160034,1429.72998,161.3399963
2020-01-13,316.9599915,1891.300049,1439.22998,163.2799988
2020-01-14,312.6799927,1869.439941,1430.880005,162.1300049
2020-01-15,311.3399963,1862.02002,1439.199951,163.1799927
2020-01-16,315.2399902,1877.939941,1451.699951,166.1699982
2020-01-17,318.730011,1864.719971,1480.390015,167.1000061
2020-01-21,316.5700073,1892,1484.400024,166.5
2020-01-22,317.7000122,1887.459961,1485.949951,165.6999969
2020-01-23,319.230011,1884.579956,1486.650024,166.7200012
2020-01-24,318.3099976,1861.640015,1466.709961,165.0399933
2020-01-27,308.9500122,1828.339966,1433.900024,162.2799988
2020-01-28,317.6900024,1853.25,1452.560059,165.4600067
2020-01-29,324.3399963,1858,1458.630005,168.0399933
2020-01-30,323.8699951,1870.680054,1455.839966,172.7799988
2020-01-31,309.5100098,2008.719971,1434.22998,170.2299957
2020-02-03,308.6600037,2004.199951,1485.939941,174.3800049
2020-02-04,318.8500061,2049.669922,1447.069946,180.1199951
2020-02-05,321.4500122,2039.869995,1448.22998,179.8999939
2020-02-06,325.2099915,2050.22998,1476.22998,183.6300049
2020-02-07,320.0299988,2079.280029,1479.22998,183.8899994
2020-02-10,321.5499878,2133.909912,1508.680054,188.6999969
2020-02-11,319.6099854,2150.800049,1508.790039,184.4400024
2020-02-12,327.2000122,2160,1518.27002,184.7100067
2020-02-13,324.8699951,2149.870117,1514.660034,183.7100067
2020-02-14,324.9500122,2134.870117,1520.73999,185.3500061
2020-02-18,319,2155.669922,1519.670044,187.2299957
2020-02-19,323.6199951,2170.219971,1526.689941,187.2799988
2020-02-20,320.2999878,2153.100098,1518.150024,184.4199982
2020-02-21,313.0499878,2095.969971,1485.109985,178.5899963
2020-02-24,298.1799927,2009.290039,1421.589966,170.8899994
2020-02-25,288.0799866,1972.73999,1388.449951,168.0700073
2020-02-26,292.6499939,1979.589966,1393.180054,170.1699982
2020-02-27,273.519989,1884.300049,1318.089966,158.1799927
2020-02-28,273.3599854,1883.75,1339.329956,162.0099945
2020-03-02,298.8099976,1953.949951,1389.109985,172.7899933
2020-03-03,289.3200073,1908.98999,1341.390015,164.5099945
2020-03-04,302.7399902,1975.829956,1386.52002,170.5500031
2020-03-05,292.9200134,1924.030029,1319.040039,166.2700043
2020-03-06,289.0299988,1901.089966,1298.410034,161.5700073
2020-03-09,266.1700134,1800.609985,1215.560059,150.6199951
2020-03-10,285.3399963,1891.819946,1280.390015,160.9199982
2020-03-11,275.4299927,1820.859985,1215.410034,153.6300049
2020-03-12,248.2299957,1676.609985,1114.910034,139.0599976
2020-03-13,277.9700012,1785,1219.72998,158.8300018
2020-03-16,242.2100067,1689.150024,1084.329956,135.4199982
2020-03-17,252.8600006,1807.839966,1119.800049,146.5700073
2020-03-18,246.6699982,1830,1096.800049,140.3999939
2020-03-19,244.7799988,1880.930054,1115.290039,142.7100067
2020-03-20,229.2400055,1846.089966,1072.319946,137.3500061
2020-03-23,224.3699951,1902.829956,1056.619995,135.9799957
2020-03-24,246.8800049,1940.099976,1134.459961,148.3399963
2020-03-25,245.5200043,1885.839966,1102.48999,146.9199982
2020-03-26,258.4400024,1955.48999,1161.75,156.1100006
2020-03-27,247.7400055,1900.099976,1110.709961,149.6999969
2020-03-30,254.8099976,1963.949951,1146.819946,160.2299957
2020-03-31,254.2899933,1949.719971,1162.810059,157.7100067
2020-04-01,240.9100037,1907.699951,1105.619995,152.1100006
2020-04-02,244.9299927,1918.829956,1120.839966,155.2599945
2020-04-03,241.4100037,1906.589966,1097.880005,153.8300018
2020-04-06,262.4700012,1997.589966,1186.920044,165.2700043
2020-04-07,259.4299927,2011.599976,1186.51001,163.4900055
2020-04-08,266.0700073,2043,1210.280029,165.1300049
2020-04-09,267.9899902,2042.76001,1211.449951,165.1399994
2020-04-13,273.25,2168.870117,1217.560059,165.5099945
2020-04-14,287.0499878,2283.320068,1269.22998,173.6999969
2020-04-15,284.4299927,2307.679932,1262.469971,171.8800049
2020-04-16,286.6900024,2408.189941,1263.469971,177.0399933
2020-04-17,282.7999878,2375,1283.25,178.6000061
2020-04-20,276.9299927,2393.610107,1266.609985,175.0599976
2020-04-21,268.3699951,2328.120117,1216.339966,167.8200073
2020-04-22,276.1000061,2363.48999,1263.209961,173.5200043
2020-04-23,275.0299988,2399.449951,1276.310059,171.4199982
2020-04-24,282.9700012,2410.219971,1279.310059,174.5500031
2020-04-27,283.1700134,2376,1275.880005,174.0500031
2020-04-28,278.5799866,2314.080078,1233.670044,169.8099976
2020-04-29,287.730011,2372.709961,1341.47998,177.4299927
2020-04-30,293.7999878,2474,1348.660034,179.2100067
2020-05-01,289.0700073,2286.040039,1320.609985,174.5700073
2020-05-04,293.1600037,2315.98999,1326.800049,178.8399963
2020-05-05,297.5599976,2317.800049,1351.109985,180.7599945
2020-05-06,300.6300049,2351.26001,1347.300049,182.5399933
2020-05-07,303.7399902,2367.610107,1372.560059,183.6000061
2020-05-08,310.1300049,2379.610107,1388.369995,184.6799927
2020-05-11,315.0100098,2409,1403.26001,186.7400055
2020-05-12,311.4100037,2356.949951,1375.73999,182.5099945
2020-05-13,307.6499939,2367.919922,1349.329956,179.75
2020-05-14,309.5400085,2388.850098,1356.130005,180.5299988
2020-05-15,307.7099915,2409.780029,1373.189941,183.1600037
2020-05-18,314.9599915,2426.26001,1383.939941,184.9100037
2020-05-19,313.1400146,2449.330078,1373.484985,183.6300049
2020-05-20,319.230011,2497.939941,1406.719971,185.6600037
2020-05-21,316.8500061,2446.73999,1402.800049,183.4299927
2020-05-22,318.8900146,2436.879883,1410.420044,183.5099945
2020-05-26,316.730011,2421.860107,1417.02002,181.5700073
2020-05-27,318.1099854,2410.389893,1417.839966,181.8099976
2020-05-28,318.25,2401.100098,1416.72998,181.3999939
2020-05-29,317.9400024,2442.370117,1428.920044,183.25
2020-06-01,321.8500061,2471.040039,1431.819946,182.8300018
2020-06-02,323.3399963,2472.409912,1439.219971,184.9100037
2020-06-03,325.1199951,2478.399902,1436.380005,185.3600006
2020-06-04,322.3200073,2460.600098,1412.180054,182.9199982
2020-06-05,331.5,2483,1438.390015,187.1999969
2020-06-08,333.4599915,2524.060059,1446.609985,188.3600006
2020-06-09,343.9899902,2600.860107,1456.160034,189.8000031
2020-06-10,352.8399963,2647.449951,1465.849976,196.8399963
2020-06-11,335.8999939,2557.959961,1403.839966,186.2700043
2020-06-12,338.7999878,2545.02002,1413.180054,187.7400055
2020-06-15,342.9899902,2572.679932,1419.849976,188.9400024
2020-06-16,352.0799866,2615.27002,1442.719971,193.5700073
2020-06-17,351.5899963,2640.97998,1451.119995,194.2400055
2020-06-18,351.730011,2653.97998,1435.959961,196.3200073
2020-06-19,349.7200012,2675.01001,1431.719971,195.1499939
2020-06-22,358.8699951,2713.820068,1451.859985,200.5700073
2020-06-23,366.5299988,2764.409912,1464.410034,201.9100037
2020-06-24,360.0599976,2734.399902,1431.969971,197.8399963
2020-06-25,364.8399963,2754.580078,1441.329956,200.3399963
2020-06-26,353.6300049,2692.870117,1359.900024,196.3300018
2020-06-29,361.7799988,2680.379883,1394.969971,198.4400024
2020-06-30,364.7999878,2758.820068,1413.609985,203.5099945
2020-07-01,364.1099854,2878.699951,1438.040039,204.6999969
2020-07-02,364.1099854,2890.300049,1464.699951,206.2599945
2020-07-06,373.8500061,3057.040039,1495.699951,210.6999969
2020-07-07,372.6900024,3000.120117,1485.180054,208.25
2020-07-08,381.3699951,3081.110107,1496,212.8300018
2020-07-09,382.730011,3182.629883,1510.98999,214.3200073
2020-07-10,383.6799927,3200,1541.73999,213.6699982
2020-07-13,381.9100037,3104,1511.339966,207.0700073
2020-07-14,388.230011,3084,1520.579956,208.3500061
2020-07-15,390.8999939,3008.870117,1513.640015,208.0399933
2020-07-16,386.0899963,2999.899902,1518,203.9199982
2020-07-17,385.3099976,2961.969971,1515.550049,202.8800049
2020-07-20,393.4299927,3196.840088,1565.719971,211.6000061
2020-07-21,388,3138.290039,1558.420044,208.75
2020-07-22,389.0899963,3099.909912,1568.48999,211.75
2020-07-23,371.3800049,2986.550049,1515.680054,202.5399933
2020-07-24,370.4599915,3008.909912,1511.869995,201.3000031
2020-07-27,379.2399902,3055.209961,1530.199951,203.8500061
2020-07-28,373.0100098,3000.330078,1500.339966,202.0200043
2020-07-29,380.1600037,3033.530029,1522.02002,204.0599976
2020-07-30,384.7600098,3051.879883,1531.449951,203.8999939
2020-07-31,425.0400085,3164.679932,1482.959961,205.0099945
2020-08-03,435.75,3111.889893,1474.449951,216.5399933
2020-08-04,438.6600037,3138.830078,1464.969971,213.2899933
2020-08-05,440.25,3205.030029,1473.609985,212.9400024
2020-08-06,455.6099854,3225,1500.099976,216.3500061
2020-08-07,444.4500122,3167.459961,1494.48999,212.4799957
2020-08-10,450.9100037,3148.159912,1496.099976,208.25
2020-08-11,437.5,3080.669922,1480.319946,203.3800049
2020-08-12,452.0400085,3162.23999,1506.619995,209.1900024
2020-08-13,460.0400085,3161.02002,1518.449951,208.6999969
2020-08-14,459.6300049,3148.02002,1507.72998,208.8999939
2020-08-17,458.4299927,3182.409912,1517.97998,210.2799988
2020-08-18,462.25,3312.48999,1558.599976,211.4900055
2020-08-19,462.8299866,3260.47998,1547.530029,209.6999969
2020-08-20,473.1000061,3297.370117,1581.75,214.5800018
2020-08-21,497.480011,3284.719971,1580.420044,213.0200043
2020-08-24,503.4299927,3307.459961,1588.199951,213.6900024
2020-08-25,499.2999878,3346.48999,1608.219971,216.4700012
2020-08-26,506.0899963,3441.850098,1652.380005,221.1499939
2020-08-27,500.0400085,3400,1634.329956,226.5800018
2020-08-28,499.230011,3401.800049,1644.410034,228.9100037
2020-08-31,129.0399933,3450.959961,1634.180054,225.5299988
2020-09-01,134.1799927,3499.120117,1660.709961,227.2700043
2020-09-02,131.3999939,3531.449951,1728.280029,231.6499939
2020-09-03,120.8799973,3368,1641.839966,217.3000031
2020-09-04,120.9599991,3294.620117,1591.040039,214.25
2020-09-08,112.8199997,3149.840088,1532.390015,202.6600037
2020-09-09,117.3199997,3268.610107,1556.959961,211.2899933
2020-09-10,113.4899979,3175.110107,1532.02002,205.3699951
2020-09-11,112,3116.219971,1520.719971,204.0299988
2020-09-14,115.3550034,3102.969971,1519.280029,205.4100037
2020-09-15,115.5400009,3156.129883,1541.439941,208.7799988
2020-09-16,112.1299973,3078.100098,1520.900024,205.0500031
2020-09-17,110.3399963,3008.72998,1495.530029,202.9100037
2020-09-18,106.8399963,2954.909912,1459.98999,200.3899994
2020-09-21,110.0800018,2960.469971,1431.160034,202.5399933
2020-09-22,111.8099976,3128.98999,1465.459961,207.4199982
2020-09-23,107.1200027,2999.860107,1415.209961,200.5899963
2020-09-24,108.2200012,3019.790039,1428.290039,203.1900024
2020-09-25,112.2799988,3095.129883,1444.959961,207.8200073
2020-09-28,114.9599991,3174.050049,1464.52002,209.4400024
2020-09-29,114.0899963,3144.879883,1469.329956,207.2599945
2020-09-30,115.8099976,3148.72998,1469.599976,210.3300018
2020-10-01,116.7900009,3221.26001,1490.089966,212.4600067
2020-10-02,113.0199966,3125,1458.420044,206.1900024
2020-10-05,116.5,3199.199951,1486.02002,210.3800049
2020-10-06,113.1600037,3099.959961,1453.439941,205.9100037
2020-10-07,115.0800018,3195.689941,1460.290039,209.8300018
2020-10-08,114.9700012,3190.550049,1485.930054,210.5800018
2020-10-09,116.9700012,3286.649902,1515.219971,215.8099976
2020-10-12,124.4000015,3442.929932,1569.150024,221.3999939
2020-10-13,121.0999985,3443.629883,1571.680054,222.8600006
2020-10-14,121.1900024,3363.709961,1568.079956,220.8600006
2020-10-15,120.7099991,3338.649902,1559.130005,219.6600037
2020-10-16,119.0199966,3272.709961,1573.01001,219.6600037
2020-10-19,115.9800034,3207.209961,1534.609985,214.2200012
2020-10-20,117.5100021,3217.01001,1555.930054,214.6499939
2020-10-21,116.8700027,3184.939941,1593.310059,214.8000031
2020-10-22,115.75,3176.399902,1615.329956,214.8899994
2020-10-23,115.0400009,3204.399902,1641,216.2299957
2020-10-26,115.0500031,3207.040039,1590.449951,210.0800018
2020-10-27,116.5999985,3286.330078,1604.26001,213.25
2020-10-28,111.1999969,3162.780029,1516.619995,202.6799927
2020-10-29,115.3199997,3211.01001,1567.23999,204.7200012
2020-10-30,108.8600006,3036.149902,1621.01001,202.4700012
2020-11-02,108.7699966,3004.47998,1626.030029,202.3300018
2020-11-03,110.4400024,3048.409912,1650.209961,206.4299927
2020-11-04,114.9499969,3241.159912,1749.130005,216.3899994
2020-11-05,119.0299988,3322,1763.369995,223.2899933
2020-11-06,118.6900024,3311.370117,1761.75,223.7200012
2020-11-09,116.3199997,3143.73999,1763,218.3899994
2020-11-10,115.9700012,3035.02002,1740.390015,211.0099945
2020-11-11,119.4899979,3137.389893,1752.709961,216.5500031
2020-11-12,119.2099991,3110.280029,1749.839966,215.4400024
2020-11-13,119.2600021,3128.810059,1777.02002,216.5099945
2020-11-16,120.3000031,3131.060059,1781.380005,217.2299957
2020-11-17,119.3899994,3135.659912,1770.150024,214.4600067
2020-11-18,118.0299988,3105.459961,1746.780029,211.0800018
2020-11-19,118.6399994,3117.02002,1763.920044,212.4199982
2020-11-20,117.3399963,3099.399902,1742.189941,210.3899994
2020-11-23,113.8499985,3098.389893,1734.859985,210.1100006
2020-11-24,115.1699982,3118.060059,1768.880005,213.8600006
2020-11-25,116.0299988,3185.070068,1771.430054,213.8699951
2020-11-27,116.5899963,3195.340088,1793.189941,215.2299957
2020-11-30,119.0500031,3168.040039,1760.73999,214.0700073
2020-12-01,122.7200012,3220.080078,1798.099976,216.2100067
2020-12-02,123.0800018,3203.530029,1827.949951,215.3699951
2020-12-03,122.9400024,3186.72998,1826.77002,214.2400055
2020-12-04,122.25,3162.580078,1827.98999,214.3600006
2020-12-07,123.75,3158,1819.47998,214.2899933
2020-12-08,124.3799973,3177.290039,1818.550049,216.0099945
2020-12-09,121.7799988,3104.199951,1784.130005,211.8000031
2020-12-10,123.2399979,3101.48999,1775.329956,210.5200043
2020-12-11,122.4100037,3116.419922,1781.77002,213.2599945
2020-12-14,121.7799988,3156.969971,1760.060059,214.1999969
2020-12-15,127.8799973,3165.120117,1767.77002,214.1300049
2020-12-16,127.8099976,3240.959961,1763,219.2799988
2020-12-17,128.6999969,3236.080078,1747.900024,219.4199982
2020-12-18,126.6549988,3201.649902,1731.01001,218.5899963
2020-12-21,128.2299957,3206.179932,1739.369995,222.5899963
2020-12-22,131.8800049,3206.52002,1723.5,223.9400024
2020-12-23,130.9600067,3185.27002,1732.380005,221.0200043
2020-12-24,131.9700012,3172.689941,1738.849976,222.75
2020-12-28,136.6900024,3283.959961,1776.089966,224.9600067
2020-12-29,134.8699951,3322,1758.719971,224.1499939
2020-12-30,133.7200012,3285.850098,1739.52002,221.6799927
2020-12-31,132.6900024,3256.929932,1751.880005,222.4199982